Team,Ranking,Description
Argentina,3,"Argentina’s men’s volleyball team achieved a significant milestone at the Tokyo 2020 Olympics by securing the bronze medal. This marked their first Olympic medal since their fourth-place finish in 2000. Known for their consistent performances, including fifth-place finishes in 2004, 2012, and 2016, the team has solidified its place among the world’s elite"
Brazil,4,"Brazil, one of the most decorated volleyball teams in history, finished fourth at the Tokyo 2020 Olympics. With three Olympic gold medals, three World Championships, and nine World League titles, Brazil remains a powerhouse in international volleyball, showcasing their dominance both regionally and globally."
Canada,8,"Canada’s men’s volleyball team made their fifth Olympic appearance at Tokyo 2020, finishing eighth. Their best Olympic performance remains fourth place at the 1984 Los Angeles Games. The team has also earned three bronze medals at the Pan American Games, highlighting their steady growth in the sport"
France,1,"France emerged as the gold medalists at the Tokyo 2020 Olympics, defeating ROC in a thrilling final. This historic victory marked their first Olympic gold in volleyball, cementing their status as a dominant force in international men’s volleyball."
Iran,9,"Iran finished ninth at the Tokyo 2020 Olympics, continuing their strong presence in Asian volleyball. With four Asian Championship titles and a consistent ranking as one of Asia’s top teams, Iran has become a formidable competitor on the global stage.
"
Italy,6,"Italy, one of the most successful teams in volleyball history, finished sixth at the Tokyo 2020 Olympics. With four World Championships, seven European Championships, and eight World League titles, Italy remains a perennial contender in international competitions"
Japan,7,"Japan finished seventh at the Tokyo 2020 Olympics, their best result since the 1992 Barcelona Games. The team has shown remarkable progress in recent years, earning medals in the FIVB Men’s Volleyball Nations League and solidifying their position as a competitive force"
Poland,5,"Poland continued their strong performance at the Tokyo 2020 Olympics, securing the silver medal. Known for their powerful play and consistency, Poland remains a dominant force in international volleyball, narrowly missing gold in the final against France"
Russia,2,"Poland continued their strong performance at the Tokyo 2020 Olympics, securing the silver medal. Known for their powerful play and consistency, Poland remains a dominant force in international volleyball, narrowly missing gold in the final against France"
Tunisia,11,"Tunisia finished 11th at the Tokyo 2020 Olympics, continuing their strong tradition in African volleyball. With 11 African Championship titles and seven Olympic appearances, Tunisia remains a leading team on the continent"
USA,10,"The United States finished 10th at the Tokyo 2020 Olympics. With a rich history of six Olympic medals, including three golds, the team remains a respected competitor in international volleyball"
Venezuela,12,"Venezuela finished 12th at the Tokyo 2020 Olympics. While their Olympic journey continues to grow, their biggest success came in 2003 with a Pan American Games victory, showcasing their potential on the international stage"
